 {
     "name":"sensorsAnalyticsAPICloudSDK",
     "class":"SensorsAnalyticsAPICloudSDK",
     "methods":["enableLog","login","track","flush","registerSuperProperties","unregisterSuperProperty","identify","trackInstallation","trackTimerStart","trackTimerEnd","clearTrackTimer","logout","profileSet","profileSetOnce","profileUnset","profileIncrement","profileAppend","profileDelete","trackViewScreen","deleteAll","setServerUrl","clearKeyChainData"],
     "syncMethods":["getDistinctId"],
     "launchClassMethod":"launch"
 }